id,valeur_NO2,valeur_CO,valeur_O3,valeur_PM10,valeur_PM25
2024-09-03 23,27.3731166929416,0.1920093595608245,50.225136925195635,19.646430150828582,8.729251305141478
2024-09-04 00,26.199406273183612,0.19727109760054337,45.657013086055564,22.99565788020498,9.380913708621943
2024-09-04 01,24.774633185121118,0.1794167564806684,45.62112847478948,22.840557483095353,9.365754246625148
2024-09-04 02,24.73285430460054,0.17721922777566823,46.91207518425048,22.74062906247991,9.359670275191721
2024-09-04 03,24.73285430460054,0.17721922777566823,45.989557731469525,22.393485100600444,9.02480478384396
2024-09-04 04,28.372590342780732,0.17798256070229435,43.32516772789078,22.47157876714119,9.02480478384396
2024-09-04 05,37.584116976204655,0.1954955182061598,35.63211957190478,24.389889927943553,9.075903077895047
2024-09-04 06,41.74647947841202,0.22517169652093208,34.753904901143535,27.680768007145936,9.7172490405658
2024-09-04 07,38.81304913495576,0.24735162171052508,46.69343981482086,31.328516471798032,10.163092190607822
2024-09-04 08,36.46450078664966,0.24658673674543657,55.71394928280236,30.484826286323504,10.176351033073958
2024-09-04 09,32.85619117445498,0.23072307621474525,75.40409767822686,30.159515973113663,10.138628747716535
2024-09-04 10,29.458686110658974,0.20642528774447672,96.09020981754269,29.67542631964505,10.364556767936183
2024-09-04 11,23.522157355604307,0.20454957345989486,106.25743272389523,28.519210985055647,10.370640739369609
2024-09-04 12,21.686518782527063,0.18880665845863273,107.59785722928234,28.03899740467729,10.586801396857666
2024-09-04 13,21.686518782527063,0.18352635611851245,109.25035120450455,28.16717571475877,9.642174684853252
2024-09-04 14,22.061479346847616,0.18352635611851245,109.25035120450455,26.191009577487705,9.75887427771981
2024-09-04 15,23.389145030963146,0.18383498235007603,107.88741354551733,24.856299759828598,9.75887427771981
2024-09-04 16,26.403732486538384,0.19548545735013623,105.20885879501783,25.15371688666987,9.771911903029473
2024-09-04 17,29.905550993750705,0.21332546198848457,101.28540689209875,25.24517567887927,9.789693577342115
2024-09-04 18,32.751767799051756,0.22841930863394627,87.24265933054818,25.189436115094228,10.018412966782192
2024-09-04 19,36.27266247814397,0.221785871321328,68.57392828388701,24.83333193412996,10.96481369756626
2024-09-04 20,35.723537095006385,0.21613402266420517,61.45828752065421,24.703884915206842,10.964523221813792
2024-09-04 21,36.81905280218862,0.21946282505998732,59.90614249505196,24.917627311653714,10.969356378321176
2024-09-04 22,34.95024254429211,0.203106765993747,47.49076336125621,23.364072762541465,10.41012511146778
2024-09-04 23,32.62743288618661,0.19805680359551925,47.49076336125621,23.399505461475176,10.27677953598172
2024-09-05 00,24.318480263299378,0.20588924578857296,46.976173859045126,21.965129572373087,8.489742502337077
2024-09-05 01,22.38166330006379,0.18948309134522734,46.94028924777904,21.81002917526346,8.474583040340281
2024-09-05 02,22.14412338465922,0.18728556264022717,46.95270611893156,21.710100754648018,8.468499068906855
2024-09-05 03,22.14412338465922,0.18728556264022717,46.0301886661506,21.710100754648018,8.133633577559094
2024-09-05 04,26.30123604725764,0.18804889556685328,43.365798662571855,21.871206842615745,8.133633577559094
2024-09-05 05,35.24024126669519,0.20411366639418937,35.04779087990065,23.789518003418106,8.18473187161018
2024-09-05 06,40.61213315826823,0.23369219578049955,33.960125744621344,27.13324700629814,8.741242191959012
2024-09-05 07,37.67870281481196,0.2567900956283563,46.109111122816735,31.41807904802782,9.246459424434876
2024-09-05 08,35.33015446650587,0.25602521066326767,55.754580217483436,30.574388862553292,9.259718266901013
2024-09-05 09,32.21980752993458,0.2397594525150141,75.44472861290797,30.24907854934345,9.22199598154359
2024-09-05 10,28.822302466138574,0.21454368938648213,96.94689355879989,29.33483251256839,9.343794030137149
2024-09-05 11,23.182368506311118,0.20269840003671316,108.27132737035434,28.178617177978985,9.349878001570575
2024-09-05 12,21.21794465277111,0.18674873440793543,109.73307080884801,27.698403597600628,9.566038659058632
2024-09-05 13,21.21794465277111,0.18146843206781516,111.38556478407023,27.826581907682108,8.621411947054218
2024-09-05 14,21.592905217091662,0.18146843206781516,111.38556478407023,25.850415770411043,8.738111539920776
2024-09-05 15,22.920570901207192,0.18177705829937874,110.022627125083,24.784016448769826,8.738111539920776
2024-09-05 16,25.93515835678243,0.1934557730606517,106.52801956800741,25.081433575611097,8.751149165230439
2024-09-05 17,28.96767165088869,0.2116978753165621,102.60456766508833,25.1728923678205,8.87306081116917
2024-09-05 18,31.59817431028494,0.22010317716402245,88.56182010353776,25.117152804035456,9.20277263369478
2024-09-05 19,35.11906898937718,0.20956626710799417,69.89308905687659,24.761048623071186,9.789834192825234
2024-09-05 20,34.56994360623959,0.20391441845087135,63.09520452367931,24.63160160414807,9.685413745446677
2024-09-05 21,35.044308857195226,0.2072432208466535,61.54305949807713,24.84534400059494,9.690246901954062
2024-09-05 22,33.17549859929872,0.1908589220192004,49.12768036428136,22.65470587440511,9.17577152429291
2024-09-05 23,32.23826155939728,0.1871918960758983,49.12768036428136,22.581354716702315,9.042425948806851
2024-09-06 00,25.433337427391272,0.19008614962567208,53.56527338221783,23.030131804853493,7.8133448562424475
2024-09-06 01,23.448229489689,0.16969040301782012,53.52938877095175,22.875031407743865,7.7981853942456505
2024-09-06 02,23.21068957428443,0.16706143124097075,53.541805642104265,22.775102987128424,7.792101422812224
2024-09-06 03,23.21068957428443,0.16706143124097075,52.619288189323306,22.775102987128424,7.699345540897981
2024-09-06 04,26.23675116186389,0.16706143124097075,49.95489818574456,22.93620907509615,7.699345540897981
2024-09-06 05,34.4119563295974,0.1820580649138055,41.90106969673735,24.544409672521827,7.75044383494907
2024-09-06 06,40.0156001453812,0.20873311880838105,40.81340456145804,27.71084066414143,8.168207631264224
2024-09-06 07,37.41545489695956,0.2274955848184494,52.962389939653434,31.802997338138248,8.548004992768039
2024-09-06 08,35.099272798834406,0.2267306998533609,62.34367974065614,30.743615574799957,8.561263835234175
2024-09-06 09,31.302268054539095,0.2179840014456786,81.1988534831772,30.418305261590117,8.523541549876752
2024-09-06 10,27.338527384433455,0.1944520554612025,103.03053383633514,29.551379056027194,8.477432623638201
2024-09-06 11,22.269135302420995,0.18719561506128335,114.75140186025622,28.991096679806667,8.483516595071627
2024-09-06 12,20.48248454970932,0.17264351211847415,116.2131452987499,28.89549914544976,9.322621024902963
2024-09-06 13,20.48248454970932,0.16736320977835387,117.8656392739721,29.163167714389477,8.447349103011609
2024-09-06 14,20.857445114029872,0.16736320977835387,117.46920506160548,26.980329129962943,8.36640649060427
2024-09-06 15,22.439136954573726,0.16767183600991745,116.10626740261826,26.167867416611212,8.36640649060427
2024-09-06 16,25.2027563747752,0.18244801442004072,112.28214443827665,26.465284543452483,8.376601615671415
2024-09-06 17,29.60579746332227,0.19900629953189522,108.72078300369962,26.6843157524084,8.515466423824211
2024-09-06 18,32.187131099467834,0.20791415602181368,94.67803544214905,26.6843157524084,9.235421481544467
2024-09-06 19,35.361295133272634,0.21506047618494628,76.84427904839137,26.364202074112484,10.393909003326753
2024-09-06 20,34.769661826373216,0.21016047318678668,69.52512341116937,26.36344210301781,10.289488555948196
2024-09-06 21,35.24402707732885,0.21348927558256883,67.97297838556712,26.577184499464682,10.297164212698098
2024-09-06 22,32.90768133228314,0.19400751310626543,55.557599251771386,23.859815764714547,9.782688835036947
2024-09-06 23,32.171641491376725,0.19034048716296334,55.557599251771386,23.78646460701175,9.649343259550887
2024-09-07 00,28.65790474135903,0.20725176907576165,47.28053243200291,21.429560777728945,8.219813286311824
2024-09-07 01,28.559582785140066,0.19912689961834026,47.24464782073682,21.274460380619317,8.204653824315029
2024-09-07 02,27.14216241275634,0.1964979278414909,49.02675142929045,21.174531960003875,8.198569852881603
2024-09-07 03,27.14216241275634,0.1964979278414909,48.261292169156064,21.174531960003875,8.105813970967358
2024-09-07 04,27.383261942989314,0.1964979278414909,45.383957227359275,21.25262562654462,8.105813970967358
2024-09-07 05,30.21729384687089,0.20037885139512793,40.8434998817426,20.85096822580374,8.08423602191676
2024-09-07 06,32.65131830665653,0.20481469878590852,39.99430404286223,21.11231192524634,8.39757244366066
2024-09-07 07,32.07028886327603,0.2104852697440838,51.317851633272646,22.26781228217339,8.269565631732005
2024-09-07 08,31.856946929151377,0.2097203847789953,57.86076893090714,21.663092540696315,8.282824474198142
2024-09-07 09,28.469208446915705,0.20385736195471466,73.4190870358655,21.401285079373277,8.317778431942402
2024-09-07 10,24.808998545197362,0.19377115664884872,95.50727010279817,21.141980904654744,8.416518313654024
2024-09-07 11,20.943086773418788,0.19648429131411668,106.51969575593162,20.74084435349635,8.42260228508745
2024-09-07 12,20.08958557473944,0.19296078915055193,109.76438587422322,20.74084435349635,9.373575685764838
2024-09-07 13,20.08958557473944,0.1939284916529085,111.36943890226357,20.74084435349635,8.923173422651907
2024-09-07 14,20.506952002044113,0.1939284916529085,110.27894301237836,20.89503154550855,8.683831091690703
2024-09-07 15,22.233360683204214,0.1942371178844721,108.91600535339114,20.89503154550855,8.683831091690703
2024-09-07 16,25.393721153399095,0.19849079094797278,103.34648827398581,20.882134303694546,8.694026216757848
2024-09-07 17,31.959649618483468,0.21588287034794684,97.13270539289772,20.820740091253615,8.688042216960472
2024-09-07 18,37.85731699143536,0.23533387765495442,82.09118193177923,20.820740091253615,9.30477737111539
2024-09-07 19,40.59659853382766,0.2402449898577464,67.37020831270824,20.810940781612977,10.753248174980367
2024-09-07 20,39.03086660002288,0.23486994355464366,61.33447871158362,21.106296483745393,10.793676535551983
2024-09-07 21,39.50523185097852,0.2381987459504258,59.78233368598139,21.320038880192264,10.801352192301884
2024-09-07 22,37.1688861059328,0.22771181303148144,48.26615702573191,20.565675074423606,10.286876814640733
2024-09-07 23,36.26610194578928,0.2231755990853532,48.26615702573191,20.432258385504788,10.153531239154674
2024-09-08 00,26.317243040637813,0.19376354350205102,47.37035792614611,16.936069942957676,8.467823290074952
2024-09-08 01,25.914186331577735,0.19548367578439357,47.33447331488003,16.818324031975145,8.452663828078157
2024-09-08 02,24.496765959194008,0.1928862514161288,46.7844674937342,16.718395611359703,8.44657985664473
2024-09-08 03,24.496765959194008,0.1928862514161288,46.359614091865744,16.718395611359703,8.468904207700401
2024-09-08 04,23.809157838559244,0.1928862514161288,43.89568929676922,16.79648927790045,8.468904207700401
2024-09-08 05,23.639963797464766,0.18060266433331768,39.116096465121416,16.408631310818336,8.447326258649804
2024-09-08 06,24.216162323459017,0.18366279534417276,37.951095673579395,16.69656397418226,8.17329822600934
2024-09-08 07,22.534175391057666,0.18286803409027297,49.01494983387895,16.88928377400525,7.655907419810208
2024-09-08 08,19.64536465132627,0.18210314912518447,54.27317609331855,16.2261270846308,7.669166262276344
2024-09-08 09,17.305748123115347,0.17795982559225254,69.63689413112645,15.964319623307759,7.704120220020605
2024-09-08 10,15.84145618266845,0.17240202407468358,91.13470627121112,15.705015448589222,7.68777986876231
2024-09-08 11,14.908633030334775,0.16827968410771146,104.43325041317217,15.705015448589222,7.693863840195736
2024-09-08 12,14.748805137886016,0.16261095820658156,108.71133031294005,15.705015448589222,7.693863840195736
2024-09-08 13,14.748805137886016,0.16357866070893815,110.3163833409804,15.705015448589222,7.299997561175138
2024-09-08 14,14.705166386941205,0.16357866070893815,109.22588745109519,15.808048720815561,7.060655230213933
2024-09-08 15,16.230498858248346,0.16388728694050173,107.86294979210797,15.808048720815561,7.060655230213933
2024-09-08 16,19.564207189620888,0.17003832602561064,102.88380363955065,15.795151479001554,7.070850355281078
2024-09-08 17,28.315773553964597,0.177356720009044,93.57490229793022,18.03788746998015,7.0648663554837015
2024-09-08 18,33.29739761981991,0.19370212828686706,78.43827435141607,18.03788746998015,7.666032737456632
2024-09-08 19,35.95331651215937,0.21182391318755758,63.717300732345,18.02808816033951,8.471354356970949
2024-09-08 20,34.917085600281446,0.21192937198426237,60.6993973672796,18.01367006157936,8.511782717542564
2024-09-08 21,35.61137589280732,0.21525817438004452,60.835882590403614,18.227412458026233,8.519458374292466
2024-09-08 22,31.809593618698976,0.20211613973872583,50.404769512778785,18.034692658203245,8.481400305013706
2024-09-08 23,30.13045476977233,0.19397445233977753,50.404769512778785,17.901275969284427,8.348054729527647
2024-09-09 00,23.148395572285875,0.25632525557166036,49.445951161972644,15.762732855285806,8.12968256106492
2024-09-09 01,21.188384905458747,0.2483793625706523,49.41006655070656,15.644986944303277,8.114523099068125
2024-09-09 02,21.12981314323973,0.24666370780898975,51.95100096171986,15.545058523687835,8.108439127634698
2024-09-09 03,21.12981314323973,0.24666370780898975,51.369089367204836,15.545058523687835,8.130763478690369
2024-09-09 04,23.60285274781358,0.24666370780898975,48.704699363626084,15.623152190228575,8.130763478690369
2024-09-09 05,30.66217695087531,0.2583855753388663,41.30266535904564,17.19399830152716,8.181861772741456
2024-09-09 06,36.08318892782673,0.28070870524868613,40.21500022376633,20.472241708237586,8.44896672946253
2024-09-09 07,33.48304367940507,0.3077499141446553,45.20260452165443,25.51048308478318,8.294531288745699
2024-09-09 08,31.237877170558583,0.3069850291795668,53.233806218929054,24.49176140892722,8.307790131211835
2024-09-09 09,29.958495489699065,0.2982383307718844,66.04662445595406,24.16645109571738,9.397416026367718
2024-09-09 10,26.411757164297413,0.251790386554294,84.20664778620531,23.3352174803693,9.381075675109424
2024-09-09 11,22.259536161154593,0.254503521219562,95.26168068469278,21.828850401600004,9.38715964654285
2024-09-09 12,20.568854871680166,0.23995141827675265,97.22732667305388,21.7332528672431,9.646141547794324
2024-09-09 13,19.06183450014264,0.23467111593663237,98.5636058506027,21.86143117732458,9.08096140417264
2024-09-09 14,19.021551218177674,0.2564889067753393,98.5636058506027,19.885265040053515,9.373774572887386
2024-09-09 15,20.089896766473586,0.2567975330069029,98.24466081706123,19.072803326701784,9.373774572887386
2024-09-09 16,22.706474688112337,0.29457785740098025,96.95238179538433,19.370220453543055,9.383969697954532
2024-09-09 17,25.227571286624766,0.3111361425128349,88.93735432760417,19.595911406228772,9.377985698157156
2024-09-09 18,25.93916647463027,0.3506529818236969,74.18153139123866,19.595911406228772,9.994720852312074
2024-09-09 19,28.787549377643195,0.3641288377223508,62.526787023900454,19.275797727932858,9.688230316056528
2024-09-09 20,28.423381869769965,0.35996219537917246,58.93686930664466,18.96526395594562,9.728658676628143
2024-09-09 21,28.8977471207256,0.3632909977749546,58.832902400035344,19.17900635239249,9.736334333378045
2024-09-09 22,27.521400054334578,0.32491979650684627,52.68835798755657,16.461637617642356,9.698276264099285
2024-09-09 23,27.198697820837562,0.3244996801275517,52.68835798755657,16.497070316576067,9.564930688613225
2024-09-10 00,21.500420438367627,0.22646955429792226,49.16029296388529,18.09083507251285,8.949531445171527
2024-09-10 01,18.489762250728525,0.2152683566822556,49.124408352619206,17.973089161530318,8.934371983174731
2024-09-10 02,18.447983370207947,0.21263938490540624,53.273402524807246,17.873160740914876,8.928288011741305
2024-09-10 03,18.447983370207947,0.21263938490540624,52.69149093029222,17.873160740914876,8.950612362796976
2024-09-10 04,22.232335828993037,0.21340271783203235,50.027100926713466,17.95125440745562,8.950612362796976
2024-09-10 05,29.542189650156196,0.23018231468091643,42.98584725515423,19.83221108213089,9.001710656848063
2024-09-10 06,35.53942773077418,0.26223136598339686,41.13950313744902,27.817120172555175,9.929437535640874
2024-09-10 07,32.93928248235252,0.29498731073982665,46.88578641776302,35.04910499999691,11.31977599797174
2024-09-10 08,30.661749723325077,0.29422242577473817,54.556207782016436,35.64335531255499,11.333034840437877
2024-09-10 09,28.037510969121215,0.2779566676264847,67.86377985240907,35.530840227619905,12.42266073559376
2024-09-10 10,24.55024428259494,0.23707950209797693,85.81470754738004,34.03575118375478,12.33211774973406
2024-09-10 11,19.827481401637122,0.23520378781339507,96.8697404458675,32.795713122704804,12.338201721167486
2024-09-10 12,17.959027011334353,0.21915647325615523,97.22732667305388,30.145448730587006,12.554362378655544
2024-09-10 13,16.452006639796828,0.21387617091603495,98.5636058506027,28.770477353069815,11.98918223503386
2024-09-10 14,16.411723357831864,0.23569396175474178,98.5636058506027,26.916653554783675,11.668842072184281
2024-09-10 15,17.411717621180564,0.23600258798630536,98.45375645234151,25.850254233142458,11.668842072184281
2024-09-10 16,20.28573587168117,0.266528316547244,97.1614774306646,25.934876131708986,11.681879697493944
2024-09-10 17,23.452555400722154,0.2847704188031546,88.65169612951682,23.627928057124613,11.658942535482502
2024-09-10 18,25.51923889083368,0.3004415533065301,73.89587319315132,23.57218849333957,11.954218063947389
2024-09-10 19,29.0401335699259,0.33647356435444675,62.2411288258131,22.494485066505426,11.611527383219236
2024-09-10 20,28.675966062052673,0.33312441203300047,58.651211108557305,21.25976326165775,11.651955743790852
2024-09-10 21,28.36126402169515,0.3364532144287826,58.54724420194799,21.47350565810462,11.656788900298237
2024-09-10 22,26.54248056877029,0.29556396589204026,52.40269978946922,18.911464774883527,10.148159562573184
2024-09-10 23,24.861651360043393,0.2877290235629278,52.40269978946922,18.946897473817238,10.014813987087125
2024-09-11 00,23.245808020489363,0.18703085971831843,48.06443219301796,23.919131051125216,9.834202768276304
2024-09-11 01,20.63191924254794,0.17702889744872113,48.02854758175187,23.76403065401559,9.819043306279509
2024-09-11 02,20.590140362027363,0.17439992567187176,50.37050177319937,23.664102233400147,9.812959334846083
2024-09-11 03,20.590140362027363,0.17439992567187176,49.659977664377706,23.664102233400147,9.720203452931838
2024-09-11 04,23.98039725306881,0.1774939000892112,45.16365274140259,23.742195899940892,9.720203452931838
2024-09-11 05,32.13238593650395,0.19462738627926077,37.21772457036614,25.660507060743257,9.771301746982925
2024-09-11 06,37.675236617779284,0.21386182898935818,35.0691855540325,33.008207067373206,10.699028625775735
2024-09-11 07,35.07509136935762,0.23070574956825657,41.24773817720012,39.294107192266225,12.628169094639546
2024-09-11 08,32.726543021051526,0.22994086460316807,50.41376561383425,39.8883575048243,12.641427937105682
2024-09-11 09,29.673237589524454,0.2108260950201066,65.08053203791779,39.77584241988922,12.603705651748259
2024-09-11 10,26.0954285028952,0.19486348552216584,84.76395185530404,38.280753376024094,12.574798012158894
2024-09-11 11,21.656504075940447,0.19298777123758398,98.33207724443281,37.98680001752289,12.58088198359232
2024-09-11 12,19.693730877613028,0.18381390489197033,101.63292310135373,35.33653562540506,12.797042641080377
2024-09-11 13,19.693730877613028,0.18358860544814,102.48655350792302,35.12579040382195,12.124109276995714
2024-09-11 14,20.06869144193358,0.18358860544814,102.48655350792302,33.271966605535816,11.803769114146135
2024-09-11 15,21.06868570528228,0.1838972316797036,102.37670410966183,33.10945750818445,11.803769114146135
2024-09-11 16,24.290932399804927,0.19387703405345763,100.23817642650263,33.19407940675098,11.816806739455798
2024-09-11 17,27.6567307889458,0.20698612706749364,90.58644658225134,30.887131332166597,11.847314464143937
2024-09-11 18,32.02053857380894,0.2781382500656864,75.16748597946886,30.831391768381554,12.142589992608823
2024-09-11 19,35.54143325290117,0.2957836572861979,62.358839586359444,29.782844315922766,13.349581891889532
2024-09-11 20,35.17726574502793,0.3061358109259867,56.61728670934719,28.857896311967654,13.336565365761567
2024-09-11 21,35.83882514563297,0.30946461332176883,56.24418478930149,29.071638708414525,13.341398522268952
2024-09-11 22,34.12299595993782,0.2848219308355761,49.52287238058881,26.50959782519343,11.462254826563342
2024-09-11 23,31.83294882178996,0.2621403143102307,49.52287238058881,26.545030524127142,11.328909251077283
2024-09-12 00,23.705566251228692,0.18393848798593962,48.93262999383591,22.860228864439993,9.156851174982531
2024-09-12 01,21.198148868948632,0.1774924138443912,48.896745382569826,22.705128467330365,9.141691712985736
2024-09-12 02,20.960608953544064,0.17486344206754184,49.63063981284259,22.605200046714923,9.13560774155231
2024-09-12 03,20.960608953544064,0.17486344206754184,48.92011570402092,22.605200046714923,9.042851859638064
2024-09-12 04,24.35086584458551,0.17795741648488128,44.42379078104581,22.76630613468265,9.042851859638064
2024-09-12 05,32.23033311403427,0.1936427159984015,35.85290298332415,24.684617295485015,9.093950153689152
2024-09-12 06,36.23864379446577,0.20921583621885773,34.46304294941642,31.22412394774564,9.93684139016004
2024-09-12 07,33.63849854604412,0.2260597567977561,39.88291659015813,38.44589229450395,11.821225969831605
2024-09-12 08,31.289950197738012,0.2252948718326676,49.67390365347747,37.96219961971272,11.834484812297742
2024-09-12 09,28.236644766210947,0.20618010224960615,64.340670077561,38.12240319195221,11.796762526940318
2024-09-12 10,24.658835679581692,0.19021749275166538,84.02408989494727,36.5443017266601,11.767854887350953
2024-09-12 11,20.21991125262694,0.1783722034018964,97.59221528407603,34.32067659503185,11.77393885878438
2024-09-12 12,18.35145686232417,0.16929598598474488,102.50112090217168,31.67041220291402,11.990099516272437
2024-09-12 13,18.35145686232417,0.16907068654091456,103.35475130874097,31.86004277527292,11.317166152187774
2024-09-12 14,18.726417426644723,0.16907068654091456,103.35475130874097,30.006218976986787,10.996825989338195
2024-09-12 15,19.726411689993423,0.16937931277247814,103.24490191047978,29.30185677295126,10.996825989338195
2024-09-12 16,22.94865838451607,0.17463646455602508,101.10637422732059,29.38647867151779,11.009863614647857
2024-09-12 17,26.314456773656943,0.1877455575700611,91.4546443830693,28.157473584282712,11.040371339335996
2024-09-12 18,29.872183971580874,0.25563470683540773,76.03568378028682,28.10173402049767,11.28317451156904
2024-09-12 19,33.39307865067311,0.27328011405591923,63.2270373871774,27.7456298395334,12.130827239196135
2024-09-12 20,33.02891114279987,0.28719594125688713,56.777157892970166,26.820681835578288,12.11781071306817
2024-09-12 21,33.11097851214003,0.2905247436526693,56.40405597292447,26.76170557485059,12.122643869575555
2024-09-12 22,31.395149326444862,0.2706047117566836,49.68274356421178,24.199664691629497,10.28825606306219
2024-09-12 23,30.4906748065011,0.24792309523133824,49.68274356421178,24.1263135339267,10.154910487576132
2024-09-13 00,24.38395171496773,0.18342695853650282,49.173042509433564,22.59343448261055,8.738155611809633
2024-09-13 01,21.79548083826331,0.17299129223044807,49.13715789816748,22.438334085500923,8.722996149812838
2024-09-13 02,21.55794092285874,0.1703623204535987,49.87105232844024,22.33840566488548,8.716912178379411
2024-09-13 03,21.55794092285874,0.1703623204535987,49.16052821961858,22.33840566488548,8.624156296465166
2024-09-13 04,23.279158787734058,0.1703623204535987,44.664203296643464,22.49951175285321,8.624156296465166
2024-09-13 05,30.394826005478762,0.18462559347145208,36.50966171864191,24.107712350278888,8.675254590516253
2024-09-13 06,34.89015636467874,0.19510837943192103,35.11980168473419,30.46992099127908,8.942359547237327
2024-09-13 07,32.29001111625707,0.20761686617303132,39.164557680216895,36.29133793507356,10.701324255936843
2024-09-13 08,29.973829018131916,0.20685198120794282,48.53919852381612,35.59195368241856,10.71458309840298
2024-09-13 09,27.897289889032578,0.19810528280026052,61.586529483628176,35.53936202638331,10.676860813045556
2024-09-13 10,23.933549218926938,0.18382649044637564,78.10828311363274,34.008580392303344,10.722155808057597
2024-09-13 11,20.06516666978718,0.17657005004645648,91.36743275981921,32.380888219043975,10.728239779491023
2024-09-13 12,18.374485380312752,0.16889139531527347,96.27633837791485,31.081049770562675,11.567344209322359
2024-09-13 13,18.374485380312752,0.16866609587144316,97.12996878448415,31.270680342921562,10.963765635350756
2024-09-13 14,18.749445944633305,0.16866609587144316,96.73353457211752,30.17049736022162,10.724423304389552
2024-09-13 15,20.00346636441033,0.16897472210300674,96.62368517385633,30.81985431977852,10.724423304389552
2024-09-13 16,23.127726095760558,0.17423187388655367,95.86174761793187,31.11727144661979,10.734618429456697
2024-09-13 17,26.697571302810964,0.2010745628237667,85.90980744881654,30.0158387761312,10.782079316358901
2024-09-13 18,30.089902494821406,0.29382917074855747,72.98133286148995,30.0158387761312,11.346342114281978
2024-09-13 19,33.264066528626216,0.3306190997346129,58.260359242418915,29.695725097835286,12.504829636064263
2024-09-13 20,32.89989902075298,0.34528677259454404,52.14865497945263,28.899464141708616,12.491813109936299
2024-09-13 21,32.98196639009314,0.3486155749903262,51.77555305940693,28.84048788098092,12.4994887666862
2024-09-13 22,30.64562064504742,0.3286955430943405,48.341685521914876,25.99358252681545,10.665100960172836
2024-09-13 23,29.909580804140997,0.2877034123155571,48.341685521914876,25.920231369112656,10.531755384686777
2024-09-14 00,26.9706306283309,0.188263260189399,45.91657782217722,21.69488668404183,8.779706075870816
2024-09-14 01,26.480010790496454,0.18839357452375546,45.88069321091113,21.539786286932202,8.764546613874021
2024-09-14 02,25.062590418112727,0.1857646027469061,46.53405171497059,21.43985786631676,8.758462642440595
2024-09-14 03,25.062590418112727,0.1857646027469061,45.980585798795495,21.43985786631676,8.66570676052635
2024-09-14 04,24.97457449802632,0.1857646027469061,41.90025640308687,21.517951532857506,8.66570676052635
2024-09-14 05,26.14336531222282,0.1876451107334083,38.00485577292574,21.16744805190249,8.644128811475753
2024-09-14 06,28.577389772008452,0.19061715911341107,37.426028011556966,21.428791751345088,8.806806393625573
2024-09-14 07,28.667399236414987,0.19633898035633474,41.77816811680771,25.466528047192647,10.20281573684279
2024-09-14 08,28.45405730229034,0.19557409539124623,46.453820668356876,25.221805816398867,10.216074579308927
2024-09-14 09,25.907025626103113,0.1922091323920254,58.33952654997105,25.232717012250397,10.251028537053188
2024-09-14 10,22.24681572438477,0.18169066725621594,78.78316808574554,24.973412837531864,10.296323532065228
2024-09-14 11,19.516577717388174,0.1844038019214839,92.88976237962356,23.636408064508156,10.302407503498655
2024-09-14 12,18.663076518708827,0.1814604658493348,98.39870666715926,23.636408064508156,11.253380904176042
2024-09-14 13,18.663076518708827,0.1824281683516914,99.34128503062942,23.636408064508156,11.074671988982862
2024-09-14 14,18.994449393252097,0.1824281683516914,98.25078914074422,23.739441336734494,10.835329658021658
2024-09-14 15,20.39318665364537,0.18404590068668883,98.00455083840029,23.739441336734494,10.835329658021658
2024-09-14 16,23.914187434989007,0.19199447672132663,93.1152600115143,23.726544094920488,10.845524783088804
2024-09-14 17,29.646920018576715,0.2654076780249446,83.03196382876375,25.550845627318406,10.892985669991008
2024-09-14 18,35.39345639055239,0.36170349400279567,69.85257966775907,25.550845627318406,11.457248467914084
2024-09-14 19,38.13273793294469,0.40690908148396465,55.131606048688035,25.54104631767777,12.905719271779061
2024-09-14 20,36.894677419906735,0.4223687659511061,49.01990178572175,25.836402019810183,12.892702745651096
2024-09-14 21,36.976744789246894,0.42569756834688827,48.64679986567605,25.777425759082487,12.900378402400998
2024-09-14 22,34.640399044201175,0.4022490203137239,45.212932328183996,23.076694236258636,11.065990595887634
2024-09-14 23,33.73761488405765,0.3507549940532939,45.212932328183996,22.943277547339818,10.932645020401575
2024-09-15 00,25.34023048418263,0.19843790372880357,46.785428559967016,17.488996478416635,8.142083618243838
2024-09-15 01,24.74944340677492,0.21370040297926357,46.74954394870093,17.371250567434103,8.126924156247043
2024-09-15 02,23.33202303439119,0.2111029786109988,46.52274829797194,17.27132214681866,8.120840184813616
2024-09-15 03,23.33202303439119,0.2111029786109988,45.969282381796845,17.27132214681866,8.143164535869287
2024-09-15 04,22.66856155967137,0.2111029786109988,43.459706794999356,17.349415813359407,8.143164535869287
2024-09-15 05,20.876240856706957,0.1953463456436482,39.48144457437178,16.961557846277294,8.12158658681869
2024-09-15 06,20.748348269100866,0.19694267764372542,38.586811860341356,17.24949050964122,7.771826005901371
2024-09-15 07,19.73740024448655,0.19586274108118945,43.53070269409914,19.3885780265194,8.778451354848116
2024-09-15 08,19.813899508060725,0.19509785611610098,48.38115831268049,18.72542133714495,8.791710197314252
2024-09-15 09,17.84243421555034,0.19095453258316902,60.0722641271442,18.73633253299648,8.826664155058513
2024-09-15 10,16.086447556122756,0.18409359349041238,79.9255347360707,18.47702835827795,8.756878917100638
2024-09-15 11,15.23961795655049,0.17997125352344023,94.14994095726264,18.47702835827795,8.762962888534064
2024-09-15 12,15.079790064101728,0.16806953450388917,99.39090650672398,18.47702835827795,8.762962888534064
2024-09-15 13,15.079790064101728,0.16903723700624576,100.33348487019414,18.47702835827795,8.64078995743322
2024-09-15 14,14.950157760395516,0.16903723700624576,99.24298898030894,18.580061630504286,8.401447626472017
2024-09-15 15,15.493267206397567,0.1706549693412432,98.99675067796501,18.580061630504286,8.401447626472017
2024-09-15 16,18.907127659967554,0.17815301508092665,94.69783077792702,18.56716438869028,8.411642751539162
2024-09-15 17,25.160861514337412,0.24912360003493797,84.2760773349208,20.809900379668868,8.459103638441368
2024-09-15 18,29.99135457921651,0.35694246942509766,71.00158868852046,20.809900379668868,9.00779766418245
2024-09-15 19,32.64727347155595,0.43262666286887347,56.28061506944942,20.80010107002823,9.813119283696766
2024-09-15 20,31.938713980444874,0.448433843193948,48.2427564245982,20.78568297126808,9.800102757568801
2024-09-15 21,32.24070639135526,0.45176264558973017,47.8696545045525,20.726706710540384,9.807778414318703
2024-09-15 22,29.30501831856842,0.42754971815807385,44.435786967060444,18.587619193662203,8.29914907659365
2024-09-15 23,28.173292302738105,0.3625957926652932,44.435786967060444,18.454202504743385,8.165803501107591
2024-09-16 00,20.612555687615952,0.2679167767032638,56.00813212130336,20.461099975238177,8.934661820771392
2024-09-16 01,18.914856686401578,0.2567155790875971,55.97224751003728,20.343354064255646,8.919502358774597
2024-09-16 02,18.85628492418256,0.2549999243259346,54.77486853245635,20.243425643640204,8.91341838734117
2024-09-16 03,18.85628492418256,0.2549999243259346,54.06434442363469,20.243425643640204,8.91341838734117
2024-09-16 04,22.619223901321973,0.2549999243259346,50.74409862861966,20.32151931018095,8.91341838734117
2024-09-16 05,28.50884853282331,0.26672179185581113,42.388908177816944,21.89236542147953,8.964516681392258
2024-09-16 06,32.378957952516316,0.28126356719543427,40.99904814390923,31.798481709190902,9.231621638113332
2024-09-16 07,29.778812704094648,0.3045510688722016,45.04380413939192,41.60079564986068,9.959285152878662
2024-09-16 08,28.399740396569676,0.3037861839071131,53.032614148824706,42.020014472037325,9.972543995344799
2024-09-16 09,27.120358715710157,0.29503948549943076,65.58519127526914,41.96742281600207,9.934821709987375
2024-09-16 10,23.281925671327823,0.2489419375902775,79.30707604096362,40.47233377213694,9.872477910758612
2024-09-16 11,19.828786968473587,0.2513032877562889,91.85776743225045,37.898556896328806,9.878561882192038
2024-09-16 12,18.13810567899916,0.2439067725519528,97.74570342430209,36.59871844784748,10.137543783443512
2024-09-16 13,18.13810567899916,0.2436814731081225,99.08198260185091,36.38797322626438,9.572363639821829
2024-09-16 14,18.097822397034193,0.2654992639468293,99.08198260185091,35.49446269071993,9.865176808536575
2024-09-16 15,18.51161634079185,0.2654992639468293,98.76303756830944,36.685672756960955,9.865176808536575
2024-09-16 16,21.20834638462804,0.35184787328428513,100.52741574099582,36.98308988380223,9.87537193360372
2024-09-16 17,23.72944298314047,0.4127996997849234,93.67185824775618,34.810373969694176,9.937715732832483
2024-09-16 18,25.93208187895838,0.5099865747902131,81.71975769656646,34.810373969694176,10.50197853075556
2024-09-16 19,28.225074355402487,0.545441369513609,66.99878407749543,32.910185845236306,12.151282879878295
2024-09-16 20,27.86090684752926,0.5458165734838197,60.21829493785281,31.8041510882171,12.123383441423771
2024-09-16 21,27.546204807171737,0.5463099845517329,59.84519301780711,31.607998268929595,12.131059098173672
2024-09-16 22,27.03595194210221,0.42329507587047,56.41132548031506,25.726280620437553,11.27922987243889
2024-09-16 23,27.260662541701524,0.4298891383408965,56.41132548031506,25.761713319371264,9.929998210978258
2024-09-17 00,21.33285636589338,0.2044177104347454,51.95877477223534,22.307239120822544,9.502685811990336
2024-09-17 01,19.37357713518019,0.19321651281907876,51.92289016096925,22.189493209840013,9.48752634999354
2024-09-17 02,20.07180004653489,0.19058754104222939,52.333570944563064,22.08956478922457,9.481442378560114
2024-09-17 03,20.07180004653489,0.19058754104222939,51.6230468357414,22.08956478922457,9.481442378560114
2024-09-17 04,23.57063709137167,0.19368151545956883,48.30280104072637,22.167658455765316,9.481442378560114
2024-09-17 05,29.566834363885338,0.21211264166147015,40.15622399688875,23.9158750865507,9.532540672611201
2024-09-17 06,34.01316988724491,0.24511716914619297,38.00768498055512,34.205961832677936,10.460267551404012
2024-09-17 07,31.41302463882323,0.2727401046607484,42.81111995846373,43.09637007939178,11.262133700770748
2024-09-17 08,30.00158608111731,0.27197521969565985,50.59131656093142,43.87531561011834,11.275392543236885
2024-09-17 09,27.377347326913448,0.25286045011259833,62.162838541184726,43.82272395408309,11.237670257879461
2024-09-17 10,23.44335791720073,0.20507908505938932,75.89667833100893,42.32763491021796,11.101123824049292
2024-09-17 11,19.521419479805232,0.20285158627555092,88.44736972229576,39.15792507604095,11.107207795482719
2024-09-17 12,17.179691217722233,0.19395985945678423,92.72724595317267,36.507660683923135,11.323368452970776
2024-09-17 13,17.179691217722233,0.19373456001295392,94.06352513072149,36.29691546234004,10.758188309349093
2024-09-17 14,17.139407935757262,0.19373456001295392,94.06352513072149,35.40340492679559,10.262063267632007
2024-09-17 15,17.63987859877347,0.19373456001295392,93.9536757324603,36.34067738474713,10.262063267632007
2024-09-17 16,20.594048971471516,0.28290843354857453,95.9345187883974,36.638094511588406,10.27510089294167
2024-09-17 17,23.7608685005125,0.29730929928992395,88.14669191912941,34.27919126272544,10.320491529956367
2024-09-17 18,27.93489724907449,0.3606697419023635,76.1945913679397,34.2234516989404,10.450763153761654
2024-09-17 19,30.90040150159789,0.3822193640558721,61.47361774886866,32.60199041106454,12.456034713478845
2024-09-17 20,30.53623399372466,0.38054508235526785,60.53677091588566,31.36726860621687,12.42813527502432
2024-09-17 21,30.221531953367137,0.3790970016693779,60.16366899583996,31.171115786929363,12.432968431531705
2024-09-17 22,29.26884270176378,0.2551983205437536,56.72980145834791,27.886519706301492,11.581139205796923
2024-09-17 23,27.96182546398034,0.2635073692606751,56.72980145834791,27.921952405235203,10.231907544336291
2024-09-18 00,23.841066526700097,0.19114652889766842,51.810703818928786,28.096402758761993,11.306436587560556
2024-09-18 01,22.278556705684586,0.18114456662807113,51.7748192076627,27.941302361652365,11.291277125563761
2024-09-18 02,22.976779617039284,0.17851559485122176,52.18549999125651,27.841373941036924,11.285193154130335
2024-09-18 03,22.976779617039284,0.17851559485122176,51.88176915094518,27.841373941036924,11.170112921160419
2024-09-18 04,25.878098697979496,0.1816095692685612,47.3596744472597,27.91946760757767,11.170112921160419
2024-09-18 05,34.12069063974104,0.20004069547046252,38.319691518102175,29.705038724490144,11.221211215211506
2024-09-18 06,38.891437054724825,0.21571146461938087,35.97335493663389,38.53552178164359,12.148938094004317
2024-09-18 07,36.29129180630316,0.23255538519827926,40.94682655456003,47.281848972573975,13.436161363204416
2024-09-18 08,33.703838036384774,0.23179050023319075,49.64815220130665,48.060794503300535,13.449420205670553
2024-09-18 09,30.650532604857702,0.2126757306501293,62.61932065536509,48.008202847265274,13.411697920313129
2024-09-18 10,26.79344882759408,0.1979280308456348,78.28187776659796,46.513113803400145,13.390231719452876
2024-09-18 11,22.456266543913063,0.19570053206179638,88.72143446241586,44.28948867177189,13.396315690886302
2024-09-18 12,19.753491553710376,0.18643019438386338,93.31051544690798,41.63922427965407,13.61247634837436
2024-09-18 13,19.753491553710376,0.18620489494003306,94.16414585347728,41.42847905807097,12.939542984289696
2024-09-18 14,20.12845211803093,0.18620489494003306,94.16414585347728,40.534968522526526,12.44341794257261
2024-09-18 15,21.66073661144461,0.18620489494003306,94.05429645521609,41.47224098047806,12.44341794257261
2024-09-18 16,25.12188872757954,0.23783761029914746,94.72506666252687,41.76965810731934,12.456455567882273
2024-09-18 17,28.487687116720416,0.25223847604049676,86.56667121329681,39.410754858456365,12.501846204896971
2024-09-18 18,33.833731511901014,0.2952221136723263,74.18043689601038,38.55301164790604,12.632117828702258
2024-09-18 19,36.79923576442444,0.2867596641172802,59.459463276939374,37.65314960590005,15.059723787915003
2024-09-18 20,36.18205271712058,0.28508538241667597,56.7872425898403,36.72820160194494,15.031824349460479
2024-09-18 21,36.84361211772561,0.283637301730786,56.4141406697946,36.53204878265743,15.036657505967863
2024-09-18 22,34.88887751041817,0.19342960614624585,54.92985067043649,33.247452702029555,13.814313922252524
2024-09-18 23,31.78001975980366,0.19851744854808412,54.92985067043649,33.28288540096326,12.465082260791892
2024-09-19 00,25.351561737906493,0.17418532040889492,49.355453732680445,28.17551519027204,10.629084994266783
2024-09-19 01,23.84103190553777,0.16773924626734651,49.31956912141436,28.020414793162413,10.613925532269988
2024-09-19 02,23.6034919901332,0.16511027449049714,49.61085626829084,27.92048637254697,10.607841560836562
2024-09-19 03,23.6034919901332,0.16511027449049714,49.30712542797951,27.92048637254697,10.492761327866646
2024-09-19 04,26.504811071073412,0.16820424890783658,44.785030724294025,28.0815924605147,10.492761327866646
2024-09-19 05,34.47488159884858,0.18518718843320855,35.120088168451296,29.867163577427174,10.543859621917733
2024-09-19 06,38.59325997060982,0.2007603086536648,33.532430569408916,36.446951571838774,11.386750858388622
2024-09-19 07,35.99311472218815,0.21760422923256317,37.747223204909155,43.60872584575038,12.629218238396476
2024-09-19 08,33.40566095226978,0.21683934426747467,47.073508478340976,43.309728389127635,12.642477080862612
2024-09-19 09,30.352355520742705,0.1977245746844132,60.04467693239941,43.25713673309237,12.604754795505189
2024-09-19 10,26.495271743479083,0.1829768748799187,75.20091620937038,41.679035267800266,12.583288594644936
2024-09-19 11,22.158089459798067,0.17077980103089319,85.64047290518828,39.45541013617202,12.589372566078362
2024-09-19 12,20.289635069495304,0.1616071122814223,90.34894752639774,36.805145744054194,12.80553322356642
2024-09-19 13,20.289635069495304,0.16138181283759198,91.20257793296703,36.99477631641309,12.132599859481756
2024-09-19 14,20.664595633815857,0.16138181283759198,91.20257793296703,36.10126578086863,11.63647481776467
2024-09-19 15,22.196880127229537,0.16138181283759198,91.09272853470584,36.496685132136015,11.63647481776467
2024-09-19 16,25.65803224336447,0.21322698362615347,92.26981657627854,36.79410225897729,11.649512443074332
2024-09-19 17,29.023830632505344,0.22762784936750283,84.11142112704849,35.51314199746361,11.69490308008903
2024-09-19 18,33.49278089167059,0.2673485132664863,71.80909398567512,35.457402433678574,11.825174703894318
2024-09-19 19,34.986571976114305,0.2614316867091603,57.08812036660412,35.28971652036311,13.893441491453448
2024-09-19 20,33.52071430624495,0.2597574050085561,53.49519682548212,34.36476851640799,13.865542052998924
2024-09-19 21,33.602781675585106,0.2569027344401906,53.12209490543642,34.12888283992447,13.870375209506308
2024-09-19 22,31.64804706827764,0.18232368571535765,51.63780490607831,31.62683602955013,12.692787514983214
2024-09-19 23,29.494857219386937,0.1848659051194758,51.63780490607831,31.553484871847335,11.343555853522583
2024-09-20 00,26.68473728259154,0.17963886283727434,48.87055806189567,28.46822466163554,11.074191773541008
2024-09-20 01,25.093153955798456,0.1692031965312196,48.83467345062959,28.31312426452591,11.059032311544213
2024-09-20 02,24.85561404039389,0.16657422475437023,49.125960597506065,28.21319584391047,11.052948340110786
2024-09-20 03,24.85561404039389,0.16657422475437023,48.822229757194734,28.21319584391047,10.93786810714087
2024-09-20 04,26.576831905269206,0.16657422475437023,44.30013505350925,28.374301931878197,10.93786810714087
2024-09-20 05,34.27092247886895,0.18213513778407536,35.897024911631924,29.982502529303872,10.988966401191957
2024-09-20 06,38.87632052939863,0.1926179237445443,34.309367312589536,36.38499251245503,11.256071357913031
2024-09-20 07,36.276175280976986,0.2051264104856546,38.524159948089775,42.064437920854886,12.373118866948836
2024-09-20 08,33.72108776123954,0.2043615255205661,46.5886128075562,41.36505366819989,12.386377709414973
2024-09-20 09,31.992426995865234,0.1956148271128838,59.55978126161464,41.31246201216464,11.85128401623777
2024-09-20 10,27.749411635125227,0.18095531349390095,76.65492490193223,39.781680378084666,11.904020449978923
2024-09-20 11,23.88102908598547,0.17334708859472525,87.49091581011676,38.1539882048253,11.910104421412349
2024-09-20 12,22.19034779651104,0.1655719625312229,92.19939043132622,36.85414975634398,12.749208851243685
2024-09-20 13,22.19034779651104,0.16534666308739257,93.05302083789552,37.04378032870287,12.145630277272081
2024-09-20 14,22.565308360831594,0.16534666308739257,92.65658662552889,35.94359734600296,11.906287946310878
2024-09-20 15,24.3516190106736,0.16534666308739257,92.5467372272677,36.59295430555983,11.906287946310878
2024-09-20 16,27.354143852487358,0.22052139737743062,91.78492090549375,36.8903714324011,11.916483071378023
2024-09-20 17,30.936751006961494,0.2332384459747241,83.63599592027653,35.78893876191254,11.978826870606786
2024-09-20 18,34.437276311231074,0.2734616645161657,71.33366877890316,35.78893876191254,12.543089668529863
2024-09-20 19,35.58433675038738,0.2657243907981686,56.61269515983218,35.65724335126543,15.254510888047944
2024-09-20 20,35.60617732181643,0.2648019547565277,53.958835091119454,34.860982395138755,15.22661144959342
2024-09-20 21,35.68824469115659,0.2619472841881622,53.585733171073755,34.625096718655236,15.234287106343322
2024-09-20 22,31.62529528320016,0.18563430292039687,52.101443171715644,31.920162899884424,14.056699411820228
2024-09-20 23,30.165125573886584,0.18646153607802002,52.101443171715644,31.84681174218163,12.872519520375615
2024-09-21 00,31.828019821259424,0.1956823950868185,41.229784736008746,26.158685399792677,11.75024941391448
2024-09-21 01,31.2398244432001,0.19581270942117496,41.19390012474266,26.00358500268305,11.735089951917685
2024-09-21 02,30.16355176047033,0.19198972573442183,40.773320794240064,25.903656582067608,11.729005980484258
2024-09-21 03,30.16355176047033,0.19198972573442183,40.626648146575306,25.903656582067608,11.613925747514342
2024-09-21 04,30.329372003059436,0.19198972573442183,37.365524995296525,25.981750248608353,11.613925747514342
2024-09-21 05,31.05732734891473,0.18055729392883527,34.42290985691319,25.631246767653337,11.592347798463745
2024-09-21 06,33.56331307296073,0.17859110891220784,33.84408209554442,25.93287180924693,11.873115961087477
2024-09-21 07,35.94046748673659,0.1843129301551315,38.36625884081272,28.011805472059986,12.72350115432598
2024-09-21 08,35.020265706207205,0.183548045190043,41.668682527146466,27.767083241266207,12.736759996792117
2024-09-21 09,33.61189824601993,0.18018308219082216,52.39944852701508,27.777994437117737,12.771713954536377
2024-09-21 10,27.63209332560669,0.16928389578991473,69.9046633083171,27.518690262399204,11.94962033328978
2024-09-21 11,25.074242822455208,0.1728392578658299,79.96833024574322,26.181685489375496,11.955704304723206
2024-09-21 12,24.22074162377586,0.16979945046136147,85.88404308531932,26.181685489375496,12.906677705400593
2024-09-21 13,24.22074162377586,0.17076715296371806,86.82662144878948,26.181685489375496,12.727968790207413
2024-09-21 14,24.55211449831913,0.17076715296371806,86.82662144878948,26.284718761601834,12.488626459246209
2024-09-21 15,26.53763339579196,0.17076715296371806,86.58038314644556,26.284718761601834,12.488626459246209
2024-09-21 16,30.235917553931433,0.22534541354933244,85.02233044546193,26.448730935543647,12.498821584313355
2024-09-21 17,37.81092975616224,0.23639819660968567,76.44327087546421,26.02733921241942,13.435995438529869
2024-09-21 18,45.56342013018429,0.2837389949030613,63.89003416041275,26.02733921241942,14.000258236452945
2024-09-21 19,46.230778914238144,0.2780177547817858,48.57684804535445,26.029048754671773,16.50429133023393
2024-09-21 20,43.05403062063001,0.27993627889184547,45.283067158513205,26.32440445680419,15.601561836791664
2024-09-21 21,42.86580679698491,0.27708160832348,44.90996523846751,26.088518780320673,15.609237493541565
2024-09-21 22,38.10726500326552,0.2005280088740505,43.425675239109395,25.346589890531323,15.092096223847314
2024-09-21 23,36.418696146389905,0.19856207755185287,43.425675239109395,25.213173201612506,13.907916332402701
2024-09-22 00,29.24467401342816,0.2270112776667432,40.30090982655824,25.479926790156846,14.242004348461217
2024-09-22 01,28.556311395795568,0.2422737769172032,40.265025215292155,26.772878306217073,14.226844886464422
2024-09-22 02,27.4800387130658,0.23796449164975203,38.555474087861576,27.390496683991568,14.220760915030995
2024-09-22 03,27.4800387130658,0.23796449164975203,38.473227533025444,27.390496683991568,14.220760915030995
2024-09-22 04,27.07041340102149,0.23796449164975203,36.132281949270535,27.468590350532313,14.220760915030995
2024-09-22 05,25.517383047950506,0.21094386743480295,33.29755512251757,27.0807323834502,14.199182965980398
2024-09-22 06,25.96097532493727,0.20760196603824999,32.40292240848715,27.408946388965123,14.03487585400244
2024-09-22 07,26.31028538282934,0.20818650680702294,34.60888463932758,27.5892312728088,14.495877052970469
2024-09-22 08,24.660281047521405,0.20742162184193447,38.08611139269351,26.92607458343435,14.509135895436605
2024-09-22 09,23.479601607285954,0.20327829830900251,48.62227732541167,26.93698577928588,14.544089853180866
2024-09-22 10,20.54630204598997,0.1948217282577016,65.30401334127633,26.677681604567347,13.606915998964352
2024-09-22 11,19.871859950262824,0.18083715339605846,76.6764689346083,26.677681604567347,13.612999970397778
2024-09-22 12,19.712032057814067,0.14535061515379274,83.02210391020097,25.96013480617741,13.575483450141773
2024-09-22 13,19.712032057814067,0.14631831765614933,83.96468227367113,24.549437379134652,13.45331051904093
2024-09-22 14,19.582399754107854,0.14631831765614933,83.96468227367113,24.65247065136099,13.213968188079726
2024-09-22 15,20.811806191856725,0.14631831765614933,83.7184439713272,24.65247065136099,13.213968188079726
2024-09-22 16,24.85195428764157,0.19679274162316637,81.78843234517576,24.816482825302803,13.224163313146871
2024-09-22 17,32.00831894636785,0.2054029083339131,72.87091551492236,24.813525560759246,14.161337167363385
2024-09-22 18,36.794671649579705,0.2603154693574839,60.222574314475246,24.813525560759246,14.710031193104468
2024-09-22 19,36.93412143627756,0.26994845863515554,44.90938819941693,24.8152351030116,16.570915102534787
2024-09-22 20,35.24617452973428,0.27016553005865795,42.27648295262942,24.80081700425145,15.668185609092525
2024-09-22 21,35.27787574765942,0.268717449372768,41.90338103258373,24.564931327767933,15.694272446323826
2024-09-22 22,29.961263414600875,0.18042658425278155,42.566491971873106,24.384646443924257,15.502889645417886
2024-09-22 23,28.24028105945025,0.1784606529305839,42.566491971873106,24.25122975500544,14.300298573491874
2024-09-23 00,22.79467778909191,0.22078487011177383,43.127040479568194,16.288187128997073,9.999786338978518
2024-09-23 01,21.04248738086296,0.22170364784882995,43.09115586830211,16.170441218014542,9.984626876981723
2024-09-23 02,20.98391561864394,0.21879398117726367,42.973625373039056,16.01929964351107,9.978542905548297
2024-09-23 03,20.98391561864394,0.21879398117726367,42.73432062555635,15.87216275663984,9.978542905548297
2024-09-23 04,23.895407804994367,0.21879398117726367,39.124396344080054,15.950256423180582,9.978542905548297
2024-09-23 05,30.81156732831479,0.2241255303132356,31.214687743465355,15.728430955128635,10.029641199599384
2024-09-23 06,35.25316161260066,0.22115860773403237,29.627030144422978,24.839634599553218,10.349729793877328
2024-09-23 07,36.99055212031212,0.23178762991635155,31.31320757595673,31.000173232318144,10.914882832533817
2024-09-23 08,35.329485364395524,0.23102274495126304,37.72813984737293,30.444252924212226,10.928141674999953
2024-09-23 09,34.85378790189274,0.23144351703769517,45.015930249815135,30.391661268176954,9.082487939010987
2024-09-23 10,26.641728255498098,0.21181850445507466,53.70213184130957,28.89657222431184,8.405853324794956
2024-09-23 11,23.745808305931583,0.21991420691266395,58.57366329502315,24.91395274372773,8.411937296228382
2024-09-23 12,21.915156404160484,0.21213908084916158,62.62412583628716,23.6141142952464,8.044155213732141
2024-09-23 13,21.915156404160484,0.21191378140533126,63.19508082052042,23.403369073663296,7.47897507011046
2024-09-23 14,21.874873122195517,0.21191378140533126,63.19508082052042,24.371115114133133,7.771788238825206
2024-09-23 15,22.5921417235742,0.21191378140533126,62.876135786978935,26.607293634490993,7.771788238825206
2024-09-23 16,26.461041834899888,0.27084985723333677,61.89520840335204,26.904710761332264,7.781983363892351
2024-09-23 17,32.743532673224315,0.28939998893339347,53.84760404771912,27.85601771710064,8.458617978108384
2024-09-23 18,34.64010291697664,0.35095802465524445,45.75667275500264,27.85601771710064,9.02288077603146
2024-09-23 19,34.97201671434799,0.36585392063758104,42.87748178279507,26.310279789089144,11.689416516108308
2024-09-23 20,31.503182993606142,0.36493148459594005,43.24402185125669,24.7625496128662,11.047226262666516
2024-09-23 21,30.637885240054114,0.3634834039100501,42.870919931211006,24.526663936382683,11.073313099897817
2024-09-23 22,27.62363480747131,0.2544157793912479,43.534030870500374,22.286721595795566,10.880194584785233
2024-09-23 23,27.363187498182402,0.25524301254887105,43.534030870500374,22.109158370147327,10.695419157587693
2024-09-24 00,23.80913197721286,0.17121316804621564,39.04545422166551,13.110601388848231,8.995470233708495
2024-09-24 01,21.795361339485094,0.16063131971247394,39.009569610399424,12.992855477865703,8.9803107717117
2024-09-24 02,20.793430950919188,0.1568083360257208,40.50009887631111,12.841713903362232,8.974226800278275
2024-09-24 03,20.793430950919188,0.1568083360257208,40.2607941288284,12.656651201933292,8.974226800278275
2024-09-24 04,23.817169184043696,0.15990231044306025,36.650869847352105,12.734744868474033,8.974226800278275
2024-09-24 05,30.635416582601767,0.17793687650602327,28.949774653702534,12.690289919908883,9.025325094329363
2024-09-24 06,36.2337002553787,0.21310176437451922,26.603438072234262,20.635974087696194,9.601329883813634
2024-09-24 07,37.855819243799154,0.22806622039462648,29.048294486193903,27.924418016549726,10.34524522700515
2024-09-24 08,36.16238623770161,0.22730133542953798,35.25461335064498,28.97416110063787,10.358504069471286
2024-09-24 09,34.36777742881467,0.21735403634059094,42.43821674112737,28.921569444602596,8.51285033348232
2024-09-24 10,25.474360218750142,0.19604520661391456,54.40299067999946,26.313048937537587,7.170355728931968
2024-09-24 11,22.109640534642367,0.21498157487093447,59.27452213371304,21.734496498584598,7.176439700365393
2024-09-24 12,20.10121553204293,0.20571123719300147,60.560481774051375,19.08423210646677,6.765836374105737
2024-09-24 13,20.10121553204293,0.20319715939114424,61.131436758284615,18.87348688488367,6.2006562304840545
2024-09-24 14,20.06093225007796,0.20319715939114424,61.131436758284615,19.841232925353506,6.148730874720468
2024-09-24 15,20.864877570715194,0.20319715939114424,61.02158736002341,21.82347383742188,5.929123030709338
2024-09-24 16,24.161796814395995,0.26805028384418844,56.31326575312123,22.12089096426315,5.942160656019
2024-09-24 17,31.29899992237218,0.288284232688301,47.77090756412067,22.350431692993766,6.706401777954584
2024-09-24 18,35.35368741721269,0.3376524198661066,41.07614565177251,22.294692129208723,7.181704375585683
2024-09-24 19,36.35811299066334,0.3427561945381781,38.79589552489239,20.71296369852887,9.76651263290153
2024-09-24 20,32.17266522631662,0.34108191283757394,39.162435593354004,19.036546474477483,9.019762709526116
2024-09-24 21,31.577658665749865,0.33963383215168397,38.78933367330832,18.800660797993967,9.0430070465149
2024-09-24 22,28.800711282960712,0.2246491590078431,39.45244461259769,17.118029035226442,8.849888531402321
